{"BOW_seed": [[4840.690252959728, 4990.741832017899, 4899.413540273905, 4744.487266778946, 4687.025770753622, 4768.790573112667, 4806.978023201227, 4285.297625310719, 4258.734369464219, 4080.0503553152084, 4253.146512962878, 4117.378841549158, 4043.721153140068, 4022.8942353874445, 3812.324507445097, 3929.16830085963, 3996.468024611473, 3648.316942989826, 3568.3797228485346, 3727.3692125976086, 3379.1931462287903, 3439.773588001728, 3545.258777335286, 3711.111765548587, 3497.2945666089654, 3113.0772730857134, 3135.6014735400677, 3204.012350484729, 3120.5401271879673, 3208.4365378320217], [6218.364489257336, 5608.059353232384, 5534.535205423832, 4761.510419249535, 4730.950360476971, 4823.297770500183, 4345.22658225894, 4579.608183890581, 4275.632854521275, 4259.870958834887, 4117.448252797127, 3957.950362533331, 3883.5374444127083, 3867.4651190042496, 3904.2497266232967, 4100.848855882883, 3857.948159992695, 3630.102545976639, 3481.9420475661755, 3503.1797220408916, 3599.4545891582966, 3606.4564860463142, 3528.2061783075333, 3309.53136664629, 3324.273623764515, 3379.7429735958576, 3233.7454586327076, 3220.397875636816, 3044.7825613617897, 3150.8209065794945], [5243.025897242129, 5362.925278246403, 5080.700664643198, 4764.798698544502, 5241.754984386265, 4860.87286695838, 4571.778241865337, 4494.536861613393, 4456.806199014187, 4214.86711768806, 4282.836744196713, 4273.830483850092, 4138.523792117834, 3939.8811369091272, 4054.0840796008706, 3930.974344983697, 3907.9765360578895, 3788.3737076558173, 3727.7818044126034, 3369.826116953045, 3760.84178096056, 3563.1526355221868, 3404.7433447130024, 3454.720597267151, 3475.2640735954046, 3234.359570328146, 3238.2129268944263, 3077.908096373081, 3023.8368902504444, 3335.1096220985055]], "CBOW": [[2732.4795953929424, 2292.9721800088882, 2128.0202607810497, 2047.0133851468563, 1919.1015740036964, 1964.8783055245876, 1861.4668115079403, 1845.3562815487385, 1731.876759454608, 1609.5761094987392, 1626.6266532242298, 1639.1486270427704, 1636.0255688279867, 1602.831102490425, 1628.1167463362217, 1571.2189532220364, 1652.949305176735, 1258.6300206035376, 1278.1038918793201, 1361.421167820692, 1346.6283021867275, 1376.533059477806, 1389.4051829949021, 1361.0041953921318, 1345.3002776503563, 1192.2328867539763, 925.606552541256, 984.0154579281807, 991.5157176554203, 1112.4303687214851], [2694.505906134844, 2277.373374477029, 2118.4443964362144, 2039.6825299561024, 1999.2474770992994, 1881.943383589387, 1840.1845028176904, 1810.0943367630243, 1686.0926346555352, 1571.3100022822618, 1594.6402108445764, 1648.0117766410112, 1628.8617197200656, 1671.5825541317463, 1592.5564860850573, 1631.0620775595307, 1594.5521846339107, 1271.8506761342287, 1257.8189485818148, 1234.4085328914225, 1340.5413117855787, 1319.9522904902697, 1376.4933226555586, 1381.9782496988773, 1327.5897411704063, 1168.0599288195372, 922.599556133151, 1004.9114177748561, 1071.9654976278543, 1163.8188865929842], [2629.65574324131, 2278.435414969921, 2018.8082575798035, 2051.217190593481, 1921.5640480816364, 1917.1828793883324, 1839.3482164144516, 1914.728291541338, 1708.406566888094, 1633.5806016251445, 1599.129186540842, 1575.957597374916, 1619.7959761321545, 1592.6290942430496, 1636.408016115427, 1595.380097180605, 1631.705873966217, 1244.3920956254005, 1274.299508869648, 1343.6385959684849, 1322.706044524908, 1264.6158546358347, 1357.8102883696556, 1376.954127252102, 1388.9398984909058, 1155.2738000154495, 981.2203858196735, 1003.3376505672932, 988.8750620782375, 1092.430886566639]], "LSTM_MINI": [[383.634766459465, 341.268909573555, 328.9480483531952, 320.20086121559143, 314.9677276611328, 307.9103499054909, 303.3947743177414, 300.77712631225586, 295.5847353339195, 292.2689236998558, 290.72696727514267, 286.1804443001747, 279.60729360580444, 277.7044758796692, 272.5401723384857, 265.42664217948914, 262.7494538426399, 259.7476183772087, 250.11778688430786, 243.2978059053421, 237.89762687683105, 236.267375767231, 226.69950139522552, 216.58380591869354, 218.1825305223465, 211.16255208849907, 196.86462524533272, 196.44641330838203, 189.40260794758797, 180.32085379958153, 171.00018000602722, 163.19284385442734, 155.8155156970024, 148.97732135653496, 141.87640658020973, 136.49498490989208, 137.51707366108894, 122.9357388317585, 113.09957347810268, 112.76344615221024, 109.78092457354069, 100.96910525858402, 94.51709900051355, 91.8251144811511, 84.59298864006996, 75.89542081952095, 76.31419710069895, 70.94257621467113, 66.04017820954323, 60.535600423812866, 66.306656524539, 57.50096856057644, 53.62044227682054, 54.0220226123929, 46.8366532959044, 47.199807818979025, 54.031136736273766, 41.60710087232292, 44.679202577099204, 39.3751768283546, 40.22284682281315, 36.70809003524482, 39.92915828153491, 40.058838572353125, 27.269171122461557, 27.07632337976247, 26.062257189303637, 30.44254659768194, 40.60726749151945, 28.631329637020826, 24.41352352872491, 37.439215786755085, 27.6064766747877, 18.789663190953434, 14.522791903465986, 12.563403310487047, 33.35479242634028, 28.997022593393922, 17.8543232944794, 13.246582732535899, 12.327534252777696, 15.040710322093219, 35.188332464545965, 19.16705976240337, 18.77228746446781, 12.439452989026904, 9.719447910087183, 27.46824230765924, 19.65884526912123, 21.428170963190496, 13.134842914761975, 17.513449250371195, 21.164250361034647, 12.127092986833304, 13.580591783626005, 8.588258787349332, 5.833554312150227, 4.61397109850077, 5.069983302266337, 44.20711378811393, 18.12569899111986, 12.210610791807994, 12.433029803680256, 7.0723642107332125, 6.571461502928287, 5.590621780895162, 15.154647685645614, 23.68906431715004, 15.614667512243614, 7.16371653508395, 7.068335464806296, 7.080090628063772, 9.394375166739337, 4.552129917428829, 4.136093519220594, 3.592767971684225, 5.90177127046627, 40.16341664851643, 15.125026579480618, 6.638524223933928], [385.60650384426117, 342.96748304367065, 324.97559809684753, 318.23182940483093, 309.93604826927185, 311.0372239947319, 304.1902945637703, 301.71843934059143, 297.71808272600174, 291.4520306587219, 289.4507828950882, 283.7206988930702, 277.9598633646965, 274.7645492553711, 269.4776391386986, 263.33864963054657, 258.0097776055336, 255.38292413949966, 250.67397099733353, 241.07240968942642, 236.72857284545898, 230.84593796730042, 220.69845765829086, 216.47187155485153, 205.2571342587471, 206.66089501976967, 191.68766823410988, 181.72659558057785, 176.43842393159866, 169.18409168720245, 159.2785198688507, 152.20556184649467, 150.51162691414356, 134.40676556527615, 129.72744411230087, 126.31714679300785, 119.1380834877491, 110.62679541110992, 112.43153640627861, 97.24210576713085, 90.42924197018147, 85.67984052747488, 79.46969343721867, 86.55947716534138, 77.34024588763714, 68.24940145760775, 72.90174321457744, 66.69600886106491, 60.02786288410425, 54.975246254354715, 53.92996959760785, 54.24475812911987, 49.77687522768974, 43.04746741987765, 43.503711108118296, 39.98499607667327, 37.853217374533415, 35.021938214078546, 47.34860258176923, 36.758969539776444, 28.092008136212826, 24.632014048285782, 32.28621342359111, 33.8040636414662, 33.70375030301511, 26.56410175934434, 22.34571595536545, 21.46029283385724, 33.753638645634055, 29.596864758525044, 23.812622217694297, 20.88569873198867, 21.658057884313166, 34.31344274105504, 15.244701722171158, 14.118334856815636, 18.106432280037552, 19.92054512212053, 20.519292721524835, 17.77675804728642, 19.411338745150715, 20.299701028736308, 11.356757201021537, 10.988035557209514, 18.131062729516998, 22.755444060079753, 13.367165994131938, 14.114130715839565, 16.104879196500406, 10.48893626476638, 7.411761435563676, 28.78795705625089, 18.556786911794916, 9.734107811586, 10.558204078115523, 15.464851009193808, 10.238242454826832, 5.805120290140621, 8.235107640211936, 26.336775748699438, 11.329931756132282, 8.58552699664142, 9.858108775413712, 15.111030493164435, 11.45039513183292, 16.604574365424924, 16.97903212707024, 6.043352014385164, 